{
    "PremierLeague": {
        "1X2": {
            "acc": 0.53,
            "ll": 1.035813119276177
        },
        "BTTS": {
            "acc": 0.6,
            "ll": 0.6896040112094894
        },
        "Over2.5": {
            "acc": 0.5,
            "ll": 0.6903554456780802
        },
        "DC_1X": {
            "acc": 0.74,
            "ll": 0.5783923041665995
        },
        "DC_X2": {
            "acc": 0.62,
            "ll": 0.6370458609287994
        }
    },
    "LaLiga": {
        "1X2": {
            "acc": 0.45,
            "ll": 1.0179122391851299
        },
        "BTTS": {
            "acc": 0.48,
            "ll": 0.7075581197700304
        },
        "Over2.5": {
            "acc": 0.56,
            "ll": 0.6984568276361237
        },
        "DC_1X": {
            "acc": 0.72,
            "ll": 0.5674838678827862
        },
        "DC_X2": {
            "acc": 0.61,
            "ll": 0.6676673135396624
        }
    },
    "SerieA": {
        "1X2": {
            "acc": 0.48,
            "ll": 1.0444337660833671
        },
        "BTTS": {
            "acc": 0.54,
            "ll": 0.6938410873253538
        },
        "Over2.5": {
            "acc": 0.61,
            "ll": 0.6751402790450837
        },
        "DC_1X": {
            "acc": 0.62,
            "ll": 0.6414017408218107
        },
        "DC_X2": {
            "acc": 0.64,
            "ll": 0.6028880391941794
        }
    },
    "Bundesliga": {
        "1X2": {
            "acc": 0.45,
            "ll": 1.0574142179694639
        },
        "BTTS": {
            "acc": 0.57,
            "ll": 0.6684251113103986
        },
        "Over2.5": {
            "acc": 0.56,
            "ll": 0.6692824333225944
        },
        "DC_1X": {
            "acc": 0.65,
            "ll": 0.6538082095989011
        },
        "DC_X2": {
            "acc": 0.52,
            "ll": 0.6849592534707165
        }
    },
    "Ligue1": {
        "1X2": {
            "acc": 0.45,
            "ll": 1.0611456428414194
        },
        "BTTS": {
            "acc": 0.52,
            "ll": 0.7152840033955427
        },
        "Over2.5": {
            "acc": 0.49,
            "ll": 0.7045263409677127
        },
        "DC_1X": {
            "acc": 0.69,
            "ll": 0.598372551166168
        },
        "DC_X2": {
            "acc": 0.62,
            "ll": 0.6471187366922314
        }
    }
}